text,sentiment
Wow,2
"Jd long weekend ,trs bepergian kemana2 .Gk jd hemat BBM🥲🥲 .WFH itu hrsnya ditengah minggu🙄",0
ditambah libur nya jadi 3 hari udah ini mah dipake liburan percuma hemat bbm sama aja bbm nya dipake liburan jauh 🙏🏻,1
ibarat nya rakyat terus bekerja pemerintah libur 3 hari,1
"ASN tugasnya melayani rakyat malah lebih bnyak libur daripada masyarakat nya sendiri, bhkan ad yg gk punya hari libur😂 diluar nalar",2
"ASN Sabtu emnk libur, jd tambah Jumat 3 hari liburnya dalam sepekan 😂",1
"WFH tapi Cafe, Tempat Hiburan, hingga tempat wisata ramai😂😂😂 , lebih ke cuan bisnis lain gk sih😢",0
itu yg diharapkan jg. ekonomi brputar,0
Lah... trus target hemat BBMnya gimana Pak Bos? Mau mereka ke tempat wisata jalan kaki??,0
"Harus nya di tambah jumat + senin.....biar waktu holiday nya panjang.  pejabat senang rakyat sengsara
",0
Kalo mau WFH tuh antara selasa sampe kamis...kalo jumat sih auto holiday long weekend luar kota yg bbm nya lebih banyak dari pada buat ke kantor 👏👏👏,0
trs jalan2 long weekend nya pakai mbl plat merah donk......😂😂,0
Work from hotel aja ga siii,1
Heddehhh apakah ini solusi??,1
"Anak sekolah tetap tatap muka, biar MBG bisa berjalan dengan baik...😂😂",2
saya yg jadi guru sebenarnya juga ingin WFH seperti sektor lain... Apalagi jam kerja 6 hari. Tapi sepertinya cuma bisa ngarep...,0
"kalaupun BBM naik saya tetep milih anak saya tatap muka, bukan daring...",0
WFH = Wow Fada Holiday😂😂,2
WFH = Wasssik For Holiday🛍🎈⛱,2
"WFH ko jumat yg ada bukan hemat BBM malah boros BBM, kl mau WFH itu rabu atau selasa atau kamis gt loh, trs MBG, kopdes di audit baru hemat 🙌",0
"Buruh tetap kerja,oke paham",1
"kita buruh tetap kudu banting tulang, yg enak ASN doank bro",0
"Kalau mau kasih kebijakan kenapa gak stop MBG itu lumayan looh bisa jadi buat nambah anggaran subsidi BBM dan non subsidi, atau kurangi fasilitas2 yg didapat pejabat2 negara, DPR/MPR, yang boros kan kalian ngawal satu org dikawal beberapa kendaraan, rakyatkan punya kendaraan cuma 1 itu pun buat hemat naiknya transportasi umum, kenapa siih rakyat terus yang dibuat sulit🥺🥺🥺",0
"Ga usah banding”in diri lu yg BUMC dan asn…dng bilang asn ga ada kerja bla”…kalau lu jd ASN jg pasti lu seneng ama kebijakan ini!! Biarkan saja negara ini dengan segala kepijaksanaannya, selagi FURAB masih ada negara akan aman saja! 💜💜💜💜💜💜",0
MBGnya bisa dipertimbangkan stop dulu bapak ibu pemerintah yg terhormat🙏,0
Jumat WFH Sabtu Minggu libur ya pda keluyuran holiday wong jam kerja aja brani pulang TDR apa lagi WFH,1
"asik bgt, 3 hari libur tiap Minggu ye😂",1
"harusnya dilakukan hari Rabu saja, jangan digandeng dengan hari libur Sabtu minggu",0
bener banget peraturan makin berpihak aja sama ASN....enak bet kerja ampe kamis....hadeeeeuh..,0
"iya, harusnya wfh hari Rabu. Hari tengah 😀",0
Semua kebijakan slalu memudahkan para pejabat. Sementara kebijakan ke rakyat selalu menyulitkan..👏👏,0
tapi yg kamu gk tau WFH ini utk staf saja. Pejabatnya masih kerja di kantor tuh hari jumat,0
"tetap aj enak, yg dikasih WFH yg kerjanya diruangan ber AC, cmn pindah tempat ke rumah yg juga ber AC",0
bener banget ...hadeeeeeuuh kerja sampe kamis enak ya ASN... @prabowo ....yakin dirumah pada kerja...?,1
Asssiikk dok @anggitaraini libur Jum'at sampai Minggu 😍🔥 ,1
Kenapa ga mulai besok aja? kaya yg tiap harinya kerja aja,1
"Efesiensi itu harusnya kmrin ga belanja mobil dari prindavan. Lalu MBG prioritasin daerah atau siswa yg "" Kurang mampu misal krna sekolah saya anak2 nya mampu toi dpt mbg nah ini ga tepat sasaran brguru jg sekolah2 lain",0
Ini sih judulnya tiap minggu long weekend bukan menghemat BBM malah nyuruh liburan tiap weekend 😂😂,0
JADI LONG WEEKAND BUAT ASN BISA LIBURAN 😂😂,1
Guru giman neh?? Semua ASN ga?? Termasuk MBG?,0
Atur semau lo aja deh pada,0
Liat otaknya lebh pintar kita milih waktu WFH,0
"mereka tuh pinter jugo pak, itulah hari jumat tuh, biar panjang libur mereka wkwk",1
Heddehhh apakah ini solusi??,1
"Kayak nya nih pengalihan issue Embege ,setelah rame di gempur protes oleh rakyat indonesi kaitan proyek Embege tiba2 gempar bbm.Lah kl ASN dikasih WFH hari Jumat yg ada pada Hilling Booossss Mayann 3 hari. 😵‍💫🫣🤦",0
Kenapa ga mulai besok aja? kaya yg tiap harinya kerja aja,1
"WFH ko jumat yg ada bukan hemat BBM malah boros BBM, kl mau WFH itu rabu atau selasa atau kamis gt loh, trs MBG, kopdes di audit baru hemat 🙌",0
Negara sebesar ini di handle bocil.ini😢😢,0
JADI LONG WEEKAND BUAT ASN BISA LIBURAN 😂😂,1
Guru giman neh?? Semua ASN ga?? Termasuk MBG?,0
"Asn libur , trus yg p3k gimana, kan dalam instansi ada yg asn ada yg p3k, jd p3k cuma pengganti diwaktu libur buat asn kah atau gimana ???? Aneh bangetttt mau irit biaya negara ya MBG di hentikan beberapa hari yaitu anak SD SMP SMA diliburkan, ini malah ASN nya yg diliburkan , ga masuk akal , yg pemborosan siapa yg diliburkan siapa, 😂😂😂 aneh emg jaman ambisi ni",0
Objek wisata yg rame ....WTF jadinya,0
Tidak termasuk untuk Negara Rebuplik L***o,0
"Nggk gitu bahlul, kalo mau hemat bbm elu dan para menteri yang lain nggk udah naik mobil dinas🔥",0
"Stop MBG lah klo mau hemat, tolol kaliii",0
Mbg yg kau stop koplak...rezim lawak lawak...,0
Lha ASN tok a sing gae BBM 😂,2
"😂 bukannya makin nambah mobilitas ya, kan bisa kerja dimana aja, dicafe, direstoran, ditempat nongkrong dn di gunung, jdi apakah it berdampak mengurangi penggunaan BBM ???😂😂",0
"Fix sih! Enak keatas, syulit kebawah 🤐",0
Enak kali ya yg 5 hr kerja..bablas long weekend..harusnya jangan di jumat dong.. Untuk nakes gmn dong ga ada kompensasinya..yg 6 hr kerja,0
"Lumayan, bisa liburan 3 hari di weekend? 😂",1
Apa urgensinya ya 😢😢😢😂😂😂😂,1
"INI LANGKAH YG DI AMBIL, SEBELUM BBM NAIK,..",2
terlalu byk di akal akali rakyat kite niee,0
"Gpp mau 5 hari kerja, 4 hari kerja dlm seminggu juga terserah. Tapi pas lagi masuk harus maksimal dan optimal ya kak ted harapannya semua ASN begituu..salam dari krywn BUMC 😂",0
"Gak berlaku ambek aku, termasuk ambek seng nyuting video iki, seng ngupload ambek seng gae naskah e 😭",0
4hari kerjanya jd libur jumat sabtu minggu masuk senin sd kamis.kcl layanan kesehatan kantor2 mah libur dari jumat,1
Hoalah malah liburan la orang itu😢😢,1
Si alay gemulai .... pokoknya ada dech 😂,0
Yakin WFH? Ntar malah kabur2an tuh kemana mana,0
Asyik long weekend,2
😯😯😮😲 Sukak Sukak KAU Laaah Preeetttt,2
Kocak😂,0
Paling jg dibuat liburan sama ASN😂,1
Harus nya di tambah jumat + senin.....biar waktu holiday nya panjang,0
pejabat senang rakyat sengsara,0
Enak yh long weeknd😂,0
Ingin Berkata Kasar Anjink 🔥,0
Asyik bisa liburan 😂,1
Asikkk,2
ngk ada wibawa pemerintah konoha,2
"Penghematan apa pemborosan woy,seharusnya WFH itu di lakukan di tengah Minggu yaitu hari Rabu dan MBG di tiadakan baru bisa efektif,kalau hari Jum'at itu namanya long weekend dan disitulah banyak orang menggunakan BBM untuk berliburan dan itu dinamakan pemborosan BBM bukan penghematan BBM 😂😂",0
Fix beban rakyat.,0
Ayo healing😂😂😂😂😂,1
Halah. Emang hari2 lain di kantor kerja kah???,0
GIMANA CARA MASTIIN NYA KALO BENER2 WFH??????,1
Tambah gak karuan wkwkkwkw jadi libur panjang jam kerja aja abis absen nongkrong enak,1
"Kalau tujuannya efisiensi BBM, kebijakan begini layak dicoba dulu sambil dievaluasi",0
"Di wlingi ada mesin PlasFuel yang mengubah sampah plastik jadi BBM, bisa jadi alternatif seiring kasus sampah plastik yg membludak",0
Aku bingung mau berkata apa😌,0
"Ya Allah…..lindungilah Presiden kami Bapak prabowo dan para menteri beliau, berilah kemudahan bagi mereka untuk melakukan yang terbaik untuk bangsa dan negara kami, Aamiin Allahumma Aamiin",1
Knp setiap liat berita selalu mumet 😫,0
Jaman presiden sby kata nya mau bangun proyek kilang minyak...kok sampai skrng kita rakyat Indonesia harus hemat BBM,0
Tedy tedy,2
"Boros BBM jg pejabat, knp pejabat selalu dimudahkan dan masyarakat di miskin kan",0
"Tujuan nya long weekend emang anjing , kebijakan lol",0
"Ayem yahhh, sing pakhal harian WFH ya bundet pak seskabbbbb😍 ya pora Gus",1
Hemat bbm wfh ? La saya bakul pasar kalau ikut wfh mau dapat uang drmn sayang .,0
wfh..mereka bisa aja wfh nya di kuar kota bawa kendaraan sendiri.....apakah itu akan hemat bbm?....serius nanya neh bunda td..,0
"Udah tau kan kenapa kita ngak maju , kebijakannya aja kek gini👏",0
Long wekend ini mah..tambah boros BBM..kaya gak tau aja kelakuan pejabat PNS konoha,0
"Kebijakan yg gak masuk akal, kalau memang mau menghemat BBM ya harusnya diwajibkan menggunakan transportasi umum bukan malah WFH hari Jum'at yang ada malah pada boros BBM karena liburan sambil kerja 🫢😅",0
JSM wayahe holideee utk peenes🔥🔥🔥🔥,2
"si negara seremonial...kieu kieu wae siga nu heueuh, apakabar kamari bencana sumatra",0
Rakyat yang akan merasakan dampak,0
Apakah sdh tepat sasaran efesiensi nya...🤭,2
Ini orang ngapain sih pgn nampang bgt.,1
Opone yang ada malah kluyuran😂,2
Atuuuur aja Boooosss,2
Long weekend,2
Yang di untungkan pegawai2 negara rakyat tetap kerja lawakkk bner,1
Mnk ini mah pada mau nya kalian aja 😂,0
Saya sebagai asn trimakasi xixi,2
"Kami di Aceh sekolah normal 6 hari, bukan 5 hari",1
Enak banget jadi ASN,0
"Dih 😂 makin banyak yg bilang ""emg paling enak jadi PNS"" enak beneran ternyata makan gaji buta 😂",0
"pejabat di Indonesia ini klo bikin peraturan, kebijakan dll dipikir dulu ga ya?? 🤔 (sepertinya sih ga mikir!!!)",0
Waaawww hebat bangettt... Ini sebuah pencapaian,0
Nakes gmna???,2
Lebih baik buat supsidi BBM atau pendidikan geratis sampai jenjang sarjana,0
1 hari rakyat semua libur ' yang ada pada holiday wkwkwkk dan juga semua ekonomi menurun wkwkwk ada Bae Dunia gebrakannya 😂,0
"kalau mau hemat bbm bukan wfh, melaikan pakai akutan umum atau sepda pancal",0
"Pelayanan publik ttp kerja, hahahaa gak adil 😂",2
Kok hari jumat ted? Katanya rabu? Emamg tolol pejabat2 kita,0
lho? emang asn instansi itu ngapain aja kerjaannya?,0
ga wfh aja kerja berantakan apalagi wfh😂,1
Makan melulu yg diurus,0
kocak,0
😂😂 ada lagi aja kebijakan cacat pemerintah Kocak 😂😂,0
Kok tiap bikin kebijakan ga ada yg pas gitu. Intinya mbg tu jalan terus.😂,0
Wkwkk,2
Rasa presiden nih,1
Wfh mepet k weekend 😂😂😂 knp g hari rabu wfh nya,2
"Serah lu dah atur aja enak nya gimana👏 dulu gua sekola sabtu masuk, skrg kektai seenaknya😢",0
mau hemat....mana bs percy hemat kalo badan nya gede....naekin aja cukai rokok....pajak export sawit...pajak import baterai....,0
Rakyat merasa terdzolimi pak,0
Saeeee.... 🥱,2
Asn makin kgak kerja,1
yakin tu ASN pada WFH .. bertanya dengan nada dering,2
Gak kerja ga dpt duit woiii,2
nambah dosa muluuu dengar ketotolan pemerintahan iniii . ada ajaaa peraturan tolol,0
"Kalau bileh saran wfh ny dihari Rabu, jika hari jum'at atau hari senin bakal dianggap libur panjang dan orang2 bakal liburan kemana2...",1
Rabu kalau WFH jgn longweekend . Kocak nya ngocak bgtzzz 🫣,0
KALO GA TOLOL YA BUKAN PEMERINTAH NAMA NYA,0
"Ok mantap , jd long weekend 3 hari jumat sabtu minggu hulidayy😂😂 apakah itu yg d namakan HEMAT¿🤣",1
"Seharusnya hari Rabu, bukan Jumat..",0
"Kenapa gak hari senin aja? Secara mobilitas masyarakat tinggi kalau hari senin, Jum'at udah banyak yang dirumah sebenarnya",0
Judulnya aja WFH nanti bakalan pada HOLIDAY semua,0
Kebijakan LAWAAAAAAAAAAK,0
Klo mau WFH nya Rabu 😂,0
"Solusinya cuma 1, yaitu stop MBG (stop buang-buang duit APBN untuk hal ga penting, ampe triliunan)😢",0
ikut aje gw derr....,0
Ttp aparat dan asn yg enak😂,0
Inimah masuk Syurga Jalur WNI 😍🔥,0
Solusi yg kmprt😮,1
Sidang Hemat BBM di Seoul - Korea Selatan 🔥🔥🔥,0
Pejabatnya kapasitasnya sangat ........😢,0
makin kesini banyk kebijakan yg gak bermanfaat,2
Tunjangan pejabat dong yang harusnya dikurangin buat EFISIENSI,0
"Yeeee,,long weekend..",2
Wfh tai malah travelling cok bngst,0
"Wfh, nyatanya jalan* ke moll 😂",0
Stop bbm kerjane melaku,0
Pasti tidak berlaku untuk swasta dan akan di kembalikan lg kebijakan setiap perusahaan wkwkwk,0
Jumat sabtu minggu senin (cuti),2
Wessss pokokee awureeennn,2
Wfh digunkan mudik😂😂. Sama aja,1
Pemerintah nya bikin kebijakan buang2 uang ....saaattttt,0
Ngadi2 saja kebijakan pemerintah ini 😂,0
Apa la ngaruh nya..wfh 1 hari..di hari weekend pulaa..bakalan liburan laa ASN ni..gaya nya kayak ngumumin sesuatu yg bombastis aza..pake confrence pers😢,0
Swasta engga?,2
Libur Nanti malah jalan jalan sama aja pakai kendaraan,1
Kelen WFH juga gak guys?,1
"kalau WFH, ntar MBG nya diantarin atau dijemput min ?",0
wfh tiap hari bang,2
wfh dari jaman covid sampe sekarang,0
iya dong Work From Hoffice 😍,2
damkar siap melayani masyarakat1x24 setiap hari..tanpa wfh,0
"gak, nakes ga diajak kak😭",1
"Hp ditaruk di rumah, orangnya quality time keluar.. 😂❤️",2
Beli hp satu lagi. Bisa. Biar libur makin panjang. Contoh jatim. Wfh nya hari rabu. Jadi ga bs long weekend. Ide cerdas ibu,0
WFA nya hari rabu jgn jumat.. Sama aja mindahin long weekend tiap minggu 🤪 jangan lupa hrs Ada video conference + kasih tugas kerjaan yg harus disetor ke atasanya itu mungkin baru efektif,0
atasan jg butuh long weekend sob🙏🤣,0
"Yg paling lucu anak sekolah di suruh belajar WFH di rumah, tapi guru2 nya di suruh ngajar WFH di sekolah...!!!😂😂😂😂😂",2
hah kan sektor pendidikan ga ada SFH,0
anak sekolah gak ada WFH. Gimana dgn proyek MBG itu kalo anak sekolah WFH. MBG kan tetap harus jalan walau perang di seluruh dunia dan selama dunia masih blm kiamat.,0
Kayanya makin hari makin sering bikin kebijakan yg menguntungkan mereka mereka doang ya. Rakyat mah dianggap angin doang wkwk,1
Tinggal aja di rumah..mereka jalan² deh pakai BBM 😂😂😂,2
Bisa gak kalo bikin kebijakan di bicarain dulu sama rakyat?!,0
Ya Allah capek banget dgn pemerintahan skrg,1
"ELEH,ASN mah tiap hari juga datang setengah hari kan pak,absen terus pulang 😂 mending gaji rendah aja mereka pak buang2 anggaran.",0
"aku lebih baik masuk aja lah, gak wfh gk apa apa, lebih suka format awal, libur sabtu gitu sprti biasanya aja",0
"Setuju bang, sebenernya tidak wfh pun tidak apa2, cuma karna ini kan instruksi pusat karna wacana penghematan. Jadinya masyarakat ini suudzon sama asn",0
"WFH dibuat hari jum’at? Yah dah pasti long weekend lah😂. Gak WFH aja kerja nya gak bener, apalagi WFH.",1
Kerja bnyk nongkrong sm main hp ktmbh wfh mkin nikmat jd asn😂,1
"Bukan hemat, tapi caos kayanya 😂",0
Gimana kalau mereka yg dekat naik ontel yg jauh naik kendaraan umum aja,0
Setiap buat kebijakan kalau gak menguntungkan pejabat ya pejabat. 😂,0
"aish nggak semua tempat itu sama, ada yg kantornya berpuluh2 kilometer dari rumah, ada yg angkotnya jarang, belom lagi mahal diongkos, semisal lu keluar bensin 1 liter 12rb buat satu hari pake montor, naik kendaraan umum PP keluar duit 30rb buat sehari. Lah mending lu pake montor lah lebih hemat.",0
yaudah WFO aja kan ya gausah WFH kok ribet.,0
"ASN seperti Anak SD....gimana mau menujuh Indonesia Emas 2045, yg ada Indonesia Cemas setiap saat....",0
Sehebatnya apa monitoring dari pemerintah 😂,0
"salah ASN diperlakukan seperti anak SD, dan yang mengatur adalah pejabat pusat. Karna ASN selalu jadi kambing hitam kebijakan dan dianggap musuh publik oleh masyarakat. apa ASN yg minta WFH ini",0
gak masalah yang penting kerjaannya beres. mereka wfh dikasih kerjaan tidak? itu salah sistem mereka sendiri kalau gak ada kerjaan saat wfh.,0
"Asssik tiap minggu jadwal turing .... Rapat lewat zoom.... brenti aja dulu dibawah pohon, atau gantian nyupir... kuat²in aja pulsa....Jadi hemat BBM? Kota/ tempat wisata macet ngga? Jadi efisiensi di berbagai aspek?",0
Harii kerja aja mereka nongki di coffee shop 🫡,1
"Jum'at,sabtu,minggu waktunya piknik bawa kendaraan dinas yg gratis bbm.......sungguh nikmat jadi ASN",1
maaf saya ASN dan tidak kena kebijakan WFH alias full 6 hari kerja serta ke tempat kerja menggunakan sepeda (bike to work). Jadi sebelum ramai himbauan efisiensi saya sudah melakukannya (bike to work) selama 16 tahun s.d sekarang,0
"dan buruh serta pekerja swasta dikejar target,lembur tanpa bayaran utk memenuhi target perusahaan dan bisa bayar pajak ke negara",0
swasta gaji mereka sampai njeleput 😂,0
ASN kaya gini yang harus jd contoh oleh yang lainnya dan jd perhatian para petinggi negara - cuma mslhnya dari 100 persen yang kaya kakak paling 5 persennya saja kak 😢,0
wfh nya rabu aja,2
libur 3 hari siapa yg di untungkan bohong jika mereka buka laptop di rumah ada mungkin yg menguntungkan misal proyek mau cair.,0
setuju...soalnya kalo hr jumat juga biasanya dtg jam 10 pulang jam 2 😂,0
"KENAPA WFH nya hari jumat, BIAR BS LONG WEKEND lah 😂😂😂😂",0
"emang dikira kita banyak duit,suudzon mulu,ya kali tiap Minggu long weekend ya jebol,dikira gaji ASN gede gede semua, dan WFH itu ya wajib d rumah krn kami udh dpantau pake data ga bs pake fake fake lg,udh canggih teknologi nya,kami pst absensi pake muka d rumah pagi siang sore,jd ga usah suudzon mulu",0
gak ada yg jamin kalo lu kerja kalo wfh,0
"Halah komennya aja nyudutin ASN Mulu,wfh hari Jumat long weekend lah jalan jalan mulu lah,kalian bisanya suudzon mulu,cobain dong jd ASN aplgi ASN yg kerja d pelayanan publik baru bs komentar",0
"lah emang seluruh ASN Indonesia sama besaran gajinya? Noh ddaerah kampung gue d Pandeglang masih bnyk yg kecil TUNJANGAN NYA, dan gaji pokok kita emang kecil dbanding UMR Jakarta aja kalah jauh,kalau yg lu blg soal tunjangan ya tergantung instansi sm PAD daerah lah ga bisa lu sama ratakan juga semua gede,msh bnyk gaji ASN di daerah yg pas pasan (gue ngmng gaji bukan gaji pokok) mknya lu cobain dl jd PNS biar lu ga suudzon mulu",0
"lah produktivitas ditanyain,kan dsuruh stand by HP klo ada kerjaan dadakan ya hrs siap sedia,kita jg dsuruh bikin laporan tiap hari klo wfh,ada ekinerja yg bisa dpantau tiap hari,masih kurang??kalau km pengen tau produktivitas nya gmn cobain dl jd PNS, tuh sodara sy ASN d rumah sakit lebaran aja ga libur tuh,jd ga usah nyinyir2 trs menyamaratakan oknum sm seluruh ASN,sakit tau d denger sm kita ASN yg emang kerjanya ga kenal hari libur,jd tolong lah hargain kami jg manusia kyk kalian,kami jg bayar pajak,kami jg kerja melakukan pelayanan kayak kalian,yuk bljr menghargai rezeki dlm bntk pekerjaan sesama manusia dan stop nyinyir,ngurang2in pahala aja",0
"biar bisa Jumatan dirumah dan memang tujuannya buat Long Weekend, kata Menteri Purbaya buat memutar bisnis Pariwisata juga.",2
"Udah kerjaannya enak, nyantai, gaji seumur hidup, dapet WFH pula. Siapa yg gk tergiur sampe nyogok. Bismillah pns murni tahun ini🙏",0
"Halo teman-teman, bisa tolong bantu naikkan berita penipuan loker bpjs Medan sekitar? Korbannya udah banyak tapi yg saya tau beberapa ngga mau speak up buat menyuarakan keadilan sedangkan korban yg lain saya ngga tau, jadi saya minta bantuan kalian siapa tau bisa ketemu korban yg lain dan bisa sama-sama menuntut keadilan. Untuk buktinya lengkap ya dari bukti percakapan sampai tf pun ada. Kami sudah coba untuk melaporkan hal ini ke pihak yg berwajib namun sampai sekarang belum ada perkembangan kasusnya. Terimakasih sebelumnya ya.",0
"Kurangi juga tu yang buat menteri Ama anggota dewan,tidur di kantor aja full amunisi+tunjangan 🤣",0
Wfo aja belum tentu bagus kinerjanya apalagi wfh 👏,0
Kebijakan asbun 😂,0
"BAKOL PLASTIK & UMKM MENJERIT KOK GAK ADA BERITANYA INI, min mimin…",0
"Klw soal begitu doang mah, ASN kita jago ngibulin nya 😂",1
"LAH INI BISA AGAR LOKASINYA DI KETAHUI ,BERARTI GAMPANG DONK CARI TAU MARKAS JUDAL,NARKOBA,KRIMINAL BAHKN KORUPTOR YANG KABUR😂😂😂😂",0
Asn tuh pinter punya 2 hp satu taruh dirumah dia jalan jalan lagian bedanya kerja dirumah sama kerja di mall apa seh wong sama2 kerjanya emang mereka pada asn gak bisa kerja sama saling nutupin saling bantu atasan juga manusia pak mendagri,1
Basa basi👏👏👏,0
asn bukanya kerja nya di mall setiap hari?🤭,0
Cek aja cek aja. Tempat nongkrong paling lama ya di wece😂,0
"Tau drimana emang ada gitu dikantor yg bagian ngelacak, JD ga kerja pelayanan ke masyarakat tapi sibuk mantau Krywannya sendiri berada dimana 😂😂😂😂 kocak .. kocak",0
"Daripada melihara ASN terlalu banyak mending dibuat p3k saja, antisipasi kalau bermasalah gampang buangnya",0
"Mereka asn lbh pintar dr aplikasi lacak pak, biasa tipu2 dan manipulasi data korupsi..😂ga ada guna smua sistem diterapkan kalo mental2 nya msh penjahat berseragam😂",0
Wfh nya Rabu dong ah. Biar tengah minggu.,0
antek komunis,0
"Gunanya bgn gedung kntr tuk apa, mo JD sarang uka2 gitu, krj wfa SM aj mkn gj buta dong, pemborosn g guna",0
ASN = Anak Suka Nongkrong ☝️,0
"pantes ae pada pengen jadi ASN, di manja cuy 😂",0
Knp tdk gaji nya saja yg potong,0
Enak amat yak hidupnya 😂😂,0
Bodo amat kata asn nya aahhahahah,0
Mereka bawahan rakyat tapi kenapa hidup lebih enak.,0
DRAMA 😂😂😂. PADAHAL SAMA SAMA TAUNYA KELEN SEMUA,0
Emang kapan kerjanya ? Izin🙏🏻,0
wah bisa keluar negeri nih...kayak bapak presiden 😂😂😂😂,0
"Ah udaah lakuin aja apa yg kalian mau lakuin , doa doa orang yang ga iklas pasti didengar kita bante di doa dan usaha aja",0
parah,0
kan waktunya liburaann sama keluargaa 😮‍💨,1
DIKIT DIKIT ASN EMANG YANG CARI DUIT ASN DOANG,0
Menuju Indonesia Bubar,0
Please pak prabowo dengern kata pak Yusuf Kala hemat bbm masih byk cara bukan dgn meliburkan Asn,0
Yang pasti tepat adalah anak sekolah sjaa ...itu pasti bener wfh ..gak malah buat piknik long wekend...dan jumlah nya lebih banyak untuk irit bbm ...bisa kok sekolah daring tampa mengurangi mutu ...sdh pernah dicoba sewakktu covid,0
Hari rabu bagus ya ..biar gak malah pikinik long wekend..bukannya wfh malah jalan2 ..boros bbm apalagi gratis jatah kupon,0
SELAMAT WEEKEND 🔥,1
indonesia menuju kehancuran di tangan pemerintah yang berperan sebagai iblis jahanam...😂,0
kayak canggih aja,0
pantes kantor bumn banyak yg rugi. Tanpa inovasi hari kerja pun di efisiensi🔥,0
"kalo yg lo sering lihat cuma nongkrong doang itu ASN di daerah mungkin. Kalo di Jakarta banyak yg bener kok, karena sering disidak mendadak juga ASN, kalo kedapatan gk di tempat bisa disanksi mereka",0
"Oh jadi ASN yg suka bawa kendaraan dinas plat merah seperti di hotel Ashley Tang sabang itu kerja? Maaf, yg di jakarta pun banyak yg berkeliaran makan2 pake mobil dinas di jakarta",0
"Paling ideal tu Rabu, kayak recharge gitu malih. Ini mah yg ada malah makin lemes menghadapi senin",0
kalo bisa sih rabu kamis jumat sekalian wfh nya 😂,2
Tiba tiba jadi long weekend 😂,2
EMANG UDAHHHH DIRANCANGG GTU KAKKK BIAR LIBURAN TERUSSS.. DIKATA RAKYAT TOLOL YA. KENAPA GA RAHU ATAU KAMIS ???,0
"hari kamis Minggu lalu waktu lg ke ragunan ,ga sengaja ketemu 1 keluarga dan mereka naik mobil plat merah😮 saking udh ga kaget lg jadinya cuman ketawa😂😂😂",0
"Bahaah udah gak kena potongan pajak , kerja cuma 4 hari 🤣🤣 indah bngt jdi pembantu negara",0
Harusnya rabu biar gak bisa healing karena jadi long weekend,0
"Emang sengaja kaa, biar yg disana sama sama menikmati wkwk",1
yg bikin aturan juga kepengen long weekend kak wkwkwkw makanya ada unsur kesengajaan dibikin jumat wkwkwkwk,0
Berarti pelayananya ditambah jamnya ampe jam 5 ntar senin sd kamis 🤣,1
"Minimal tolong banget ini mah pelayanan full day, istirahat tepat waktu jangan nunda-nunda kerjaan nyantai 😢",0
nanti tiap kamis pelayanan sampe sebelum makan siang 😢,0
"Dikantor aja dikit kerjanya, apalagi dirumah🤣🤣😅",1
"Bnyakk bukkk, jam krja 15:00 lagi pada makan ketoprak, jam 15:00 pelynan publik udh gbisa, mentok jam 12:00 . Saya hdup d Jawa, d Tangerang, d lampung, smua rata2 bgtu.",0
"kerja haha hihi, jam kerjapun dia keluyuran, jumat wfh 🙌",1
bener banget trus dengan bangga pake seragam jalan2 dimall...trus di cafe 🫣,1
"pernah kerja honorer di kantor ladusing. Ruangan kerja nya cuma sebat, ngopi, masak nasi (ada rice cooker), ngobrol, haha hihi, markup biaya FC yg 50rb jd 300rb, jalan² ke mall, dan masih banyak lagi. 😂 Kaya gini dikasih liburan lagi makin semangat jd ASN bukan semangat kerjanya",0
"Yang swasta semoga gaji nya berkah halalan thayyiban, Aamiin",1
Sayaaaaa muaaaakk,2
"Perusahaan saya WFH seminggu 2 kali, sdh berjalan dari 2020 sampai sekarang.",0
"Alhamdhulillah ada peningkatan omset untuk umkm puncak, bandung, sukabumi😂😂😂😂",0
"Kerjanya HAHAHIHI, tibatiba Jumat WFH. Makin HAHAHA aja ASN 🫠 orang mah bikinnya hari RABUUUUU",1
"Biar Adil...... Setiap Jumat, semua angkutan transportasi massal di seluruh Indonesia di Gratiskan. Jadi, rakyat yg bergerak cari makan naik angkot di hari Jumat dpt kemudahannya juga.... Yg cari makan bukan cuma ASN, ada pekerja retail, ada buruh, ada pekerja pabrik, pekerja swasta, pedagang, dll.",0
"Jumat wfh, sabtu libur, minggu libur. Tiap hari long weekend…: 🫠",1
"😢🙏 punten pelayanan masyarakat yang antri aja kadang uda bejibun, belum dibatesin biasa uda ga terima tambahan antrian lagi diatas jam 1 karena pelayanan cm sampe jam 3, cmiiw kaya buat ktp dll ini dihilangin sehari gimana konsep nya? masih bs di reach out via online kah?",0
"Cihuyyyy mantap untunglah saya ASN, kejar dunia dan akhirat semuanya Balance. Allahuma Baarik, bisa lebih banyak waktu untuk Ibadah. Yang bukan ASN jangan sirik yee, perbanyak Ibadah biar bisa WFH seperti kami ❤️",0
"Astaghfirullah, masalah ibadah dibawa-bawa",0
Klo mau wfh rabu! Ga ada alesan long weekend,0
betul bangeett krn itu midweek alias tengah minggu tp kan si airlangga lain lg pertimbangannya: pejabat² kaya bisa ke spore macau bali malay utk longwiken😂,0
Dikit2 ASN yg diuntungkan. Dikit2 ASN yg diuntungkan. DIH,0
"Karena cuma ASN yg bisa diatur negara mba, mandat buat swasta mah nanti bisa2 digugat 😂",0
ASN doang? Malah pada hiling pake mobil dinas,2
"biasa jumat masuk jg olahraga pagi - sarapan - nyebat - lunch - tiktokan - pulang jam 3, skrg pake wfh, menyala ASN ku 🔥",0
"Gw berangkat kerja,dia lg jogging, gw pulang kerja eh dia lg santai sore sebat, liku2 bumc vs ASN 😢",0
Tiap minggu long weekend Tiap minggu liburan Tiap minggu staycation Mantab memang kebijakan pemerintah👏,0
Tiba2 si asn punya long weekend entah sampe kapan. Congrats deh. Makin buta aja gajinya 🙏🏻,0
"gaji buta? Punya bukti apa kamu kalo ASN makan gaji buta, saya bukan ASN, tp saya kerja di lingkungan DKI, dan saya saksi bahwa mereka bener"" kerja sama seperti kalian, tolong dijaga bicaranya yaa kakak cantik 🙏",0
malah liburan aji mumpung. Haduhhhhh,0
"Jadi 3 hari libur,gaji utuh",1
Dih nyaman bener 😂,1
knp jumat sih pak? yang ngegaji aja kerja tiap hari tanpa libur,1
WFH ❌ Liburan ✅,1
Umbi umbian ga dikasih wfh?,0
"Asiiik long week end, bukannya pd wfh eh pd jln² ke tmpt wisata, sama aja bo'ong niat mau hemat malah boncos negara, hadeuh knp sih negara klo bikin kebijakan suka bikin kisruh",0
"Salah headline om, hrsnya ""pemerintah tetapkan long weekend bagi seluruh ASN""",0
"Kerja becanda, Gaji Serius 😋",0
Selamat anda lahir di negara yang setiap hari beritanya nyakitin mulu,0
"Serah lo ajaa lah, pajak gw dipotong buat lo jalan2 😂",0
KEK PADA KERJA BENER AJA ASUUUUU...,1
Masuk ke kantor ajee belum tentu kerja. Palagi wfh gustiiii,0
Dih kek senin-kamis kerja aja😮,1
"Lebih baik swasta yg wfh seminggu sekali. Biar asn nya full mengabdi, apalagi in this situation ya.. trus kalau ga mau dirujak hari wfh nya kan bs di selasa (puncak macet) atau di kamis.. 🤣",0
"Itu bukan WFH TAPI LIBUR WKWKWK KOCAK,Udha Dateng seenaknya pulang semaunya. KERJA JUGA KAGA PAKE ACARA WFH. BUNCIT TUH PERUT ASN PADA 😂😂",2
"Itu buat nutupin yg absen kaga, ke kantor kaga tapi tetep gajian. Banyak kan itu prakteknya bahkan puluhan taun 🤣",0
"Tadinya mau buat hemat BBM, kalau wfh hari Jumat artinya jadi long weekend = jalan jalan jauh .... makin boncos pemakaian BBM-nya dah 😂😂😂 selamat hahahaha👏👏👏",0
EMANG KERJA??,1
g berlaku ini untuk yang jasa & pelayanan laboratorium🤣,0
Ga WFH aja ngayap mulu 🤣🙏,0
"Baru mau WFH jumat,emang libur kan jumat besok..berasa kena prank 🤣",1
"deh kemarin katanya Rabu menghindari long weekend, skrg jd Jumat. Gajetot",1
"Jam kerja dari senin-kamis ditambah lah woy! mau main gila. WFO aja banyakan gak kerja nya, apalagi WFH, cih!",0
Ga ada manfaatnya juga sih.,1
Katanya supaya hemat bbm...tp ko malah...aah sudahlah,0
Seharusnya bikin judulnya yang detail atuh jangan ASN ajah. ASN nakes macem kitaaa mana ada wfh wfa kerja terusssss dalam luar gedung @fannyjhntkaa kunjungan laporan inputan 🔥,0
Yg ada malah jalan2 mereka 🤦‍♂️,2
"Malah nyempitin jalan, dikasih libur panjang",1
"Gak ngaruh ke aku 😢😢😂, aku dokter tetep harus jalan",0
"ga iri cuman, gaji pns masyarakat yg bayar. wajar pada protes, lagian jg ga ada wfh kerja pada nyantai ky ga ada kerjaan. yg disuruh kerja kan honorer🥱",0
Ngerepotinnnn !,2
Antara dongo beneran / akal akalan setan 😂,0
Enak benerrrrrr gaji serius kerja becandaa wkwkwkw happy long weekeeennndddd,0
di kantor aja ga beres apalagi di rmh 🤣🤣🤣,2
"yaelah ini mah makin boros bbm dan pengeluaran, jatuhnya malah long weekend, kerja sambil travelling😂",0
Yah siap-siap dihujat deh ini mah disangka long weekend😭,0
"Hey masyarakat konoha,..",2
Swasta jg mau dong,0
"Positifnya kalo jumat liburnya tempat wisata jd ramai dan bisa bangkitkan ekonomi umkm, negatifnya yg awalnya tujuannya buat hemat bbm malah jd boros bbm 😂",0
"Libur panjang itu mah namanya, ujung ujungnya piknik ngabisin BBM juga. Kenapa gak selasa atau rabu aja",0
ASN si anak emas diperhatiin terus 😍,0
Alhamdulillah bisa jumatan bareng anak😍,1
"Enak, kerja leha² doang pdhl",0
lah makin gak bener kerjanya,1
Long weekend terus hahaha,2
Beban negara hidupnya dienakin terus😂,0
enakk banget makin tambah ga kerja donggg😂😂😂😂,1
Yang sabtu masuk gimana? 😭,0
Yuhuu long weekend biar bisa ngayap 😅 bukan nye efesiensi malah boros bahan bakar,0
Kata gue mahhh bakalan pada jalan” itu wkwkwk,1
Lagi lagi nakes ga diajak 😢,0
usul bgmana kalau ASN nya WFH nya Senin dan Jumat aja ... bs lebih hemat banyak lagi kan ... 🤣🤣🤣 setuju ga ?? aku sih OK,0
"Gak usah WFH, gak akan kerja dirumah jg. Mending libur sekalian, tp jam kerja senin sampai kamis ditambah 2 jam.",2
"Alhamdulillah mendadak rejeki motel, hotel , maskapai..Happy long weekend ceunah 😂",1
lah enak long weekend jdnya,0
pak kasi garis bawah dong ASN STRUKTURAL!! karna kalo guru ga akan mungkin wfh wkwkw,0
senen jg skalian pak lumayan bs ke prgi jauhan ke malaysia,0
Ni ASN yg bisa WFH kalo nakes mana bisa,0
Wow. Amazing,2
"Tolong dong ini gaji para sarjana diperhatikan dan dibedakan , kuliah itu ga mudah . Ya waktunya , ya berfikirnya dan juga biaya",1
Bingung sama pola pikir si antek antek asing 😌,0
"Wee gkjls apa² pda naik, bensin aja belum naik bahan pokok dinaikin sendiri yg bnr apa Mentri udh buta kah mata nya sma tutup kuping",0
"Bilang aje Mau Long weekend... MANA JANJI Si CUNGKRING KATANYA A-E5-N pada Dines di I-K4-3N... cuma BOTAKIN HUTAN DOANG, NGERUSAK EKOSISTEM ALAMI KALIMANTAN,,,,",0
Sakit jiwa🙏,0
long weekend tiap minggu,2
Yuhuuu long weekends forever,2
Yuhuuu long weekends forever,2
MENYALAAAA OTAKNYAAA,2
"Kalau kerjanya bener GK masalah,TPI kalau ketahuan kerja GK bnr,sikat lngsung",0
Kenapa GK antara Selasa/kamis,2
tau kaya gini dari kecil cita cita jadi Pemerintah aja deh,0
Sekalian aja jumat sama senin,1
Harusnya hari rabu aja biar ga ada alesan long weekend,0
muke gilaa,2
Itu long weekend ga sihh 🫩 tiba2 jadi macet jalanan dikasih wfh,0
Berarti pelayanan di rumah masing²?,1
Yakin tuh kerjaaaaa?????,1
ini mah emng akal akalan,2
"Long weekend.... Yuhhhuuuuuu... 👏👏👏👏, gw kerja bayar pajak, ngegaji itu org... Kerja 6 hari seminggu... Yg pada yg nerima hasil pajak cm 4 hari seminggu masuk kerja... Mantuullll..ga ikhlas sihhh dunia akhirat👏👏👏👏",0
MENUJU INDONESIA LIBUR,0
DIMANJA BANGET ASN YE,0
Makin sepi ojol,0
Makin susah lah kita ngurus apa2.. kbanyakan santai ASN ini .,0
"Boleh ga asn di tiadakan pensiunan...🙏mubazir ja,mending wat keperluan yg lain di negri ini🙏",0
Kl kek gitu msh di gaji gak?,0
"jumat dirumah (bs nyambi2😝), trs sabtu minggu liburr.. 😀",1
Enak dong ya long weekend,2
Jam kerjax tambahin,2
Jumat WFH nya di puncak,0
Silahkan 🤣🤣🤣🤣,1
Tetap semangat wahai para budak corporate 🔥🙌👏beda kelas sama ASN mahh kita pada.,1
Peraturan macam apa ini bah.,0
Wfh jadi long weekend nih mah,2
Makinnn enakkkk bgd diaaa cuihhhh,1
Wfh wfh malah piknik😂,2
Makin malassss,1
"Kurang tepat sih, Yang ada bukan WFH untuk efisiensi, malah di pake buat jalan2 long weekend di balut dengan WFH",0
dikasih long wekeend otw liburan sana sini🫵🏻,1
KAPAN GURU DIUNTUNGKAN???,1
Coba bagian logistik & tranportasi mana bisa wkwk,0
Kenapa gak hari Senin aja?,2
"kenapa enggak dari hari rabu ajaaaa, ijiiinnn🙏",2
Long weekend jadinya 😂,0
wfh hari jumat sama aja nambah hari liburnya..bisa buat jalan2 yg justru nambah pengeluaran bbm..kebijakan aneh🤣,0
"Dan masih mudah pinjem uang di Bank.. ini ada tetangga ku seorang buruh.. kerja setiap hari, krna klo libur dipotong uang gaji n uang makan.. terus ada kepentingan mau pinjem uang di Bank Rakyat.. duuhhh susahnya ampun2an... ga punya agunan.. cuma punya slip gaji doank.... gimana tuh? Dan ASN punya sertifikat kepegawaian nya.. tinggal pake itu... ngehe kan",0
"Aseekkkk, parteeee dolo kitaaa🤣🤣",2
"Tiap hari kerjanya dr jam 10-14. Itupun klo ada masyarakat yg dtg buat urus berkas. Tapi Lebih kasian sm sesama ASN tp di puskesmas/sekola. Liat yg lainnya wfh. Mereka masuk sendiri. Eh, tapi kan bisa di ganti ke honorer ya krjaannya",0
"Se indonesia isinya cuma ASN, bgitu ASN wfh berarti indonesia sudah memberlakukan WFH ..",0
geloooooo jumat sabtu minggu tuh libur 🤣,1
jangan sampe WFH tapi pake fake timestamp terus jadi long weekend liburan ke puncak ya 😮,0
Fungsinya apa?,0
"Jadi long weekend, sa aeee bahlullll 🤣 Senin-Kamis juga kaga keliatan kerja lu pade 🤭",1
makin magabut ajadah mereka,1
enak bgt tbtb jumat sabtu minggu,0
"Kerja lu yg di meja aje pada gk bener , ini segala wfh makin gk bener.",1
Pemerintah ini emang ada otak buat mikir?,0
yang ada malah pada pulang kampung😂,2
"Bukannya kerja malah jalan², itungannya long weekend 🤣🤣🤣",0
Pelayanan publik hari jumat auto tutup 🤣,0
Waidaw makin menyalah langsung longweekend 😂,1
"Klo udh 4 hari, pas kerja jgn maen game, trus sat set ya, jgn kebanyakan mondar2ir pegang kertas doang🙏",1
kenapa hari jumat . hari jumat mah waktunya berasa pendek . hari senin tuh atau g selasa waktu berasa lama 😂,0
Bakalan banyak orng yang jalanw ke luar kota si ini mah ...,0
Yang bikin aturan otaknya di titipin dimana si ya?,0
Berarti perpajakan gausah dibayarin ya? Kan hari jumat kerja di rumah lu.,1
"krn efek BBM?, ntr dirmh mlh kabur pake mobil pake mtr jg 😄",1
Kenapa ga hari rabu aja sih? Bukannya menghemat energi buat kerja di rumah aja malah jdinya bakalan dipake buat liburan ke luar kota nih 🤨,1
DAMN! selalu diuntungkan 😂,0
"Ngelayanin rakyat aja di persulit, di tambah libur sehari gak kelar kelar ngurus surat surat",1
"Akal akalann aja taeeee🤣dari jumat ke sabtu ke minggu, enak tuh 3 hari🤣nanti tinggal izin aja di hari kamis atau senin bisa 4 hri tuh libur🤣🤣🤣",0
"Apa kabar yg swasta?? Enak bener ASN, mana byk gabut nya…eh jumat di liburin….wowwwwwwwwwwww👎🏿",0
Kerja cuma 4 hari . Digaji dari pajak rakyat . Kite kerja ampe keringet kepantat2 die pada kerja seminggu full aja msh banyak bengong nya dibikin wfh hari jumat . Gapaham lagi sm negara tercintak !,0
Asik long weekend 🤣🤣🤣,1
Makin sampah aja negara,0
70% liburan 30% kerja. tau2 LN,1
Harusnya jam kerjanya ditambah 2 jam perhari🤪 sebelah sono makin sibuk liburan atuh longweekend dari jumat mah🤣,0
Makin gajelasss,1
Malah libur mreka..enak long weekend terus....kita yg swasta kerja teruuuusss.... biar gede potongan Pph 21 nya utk bayar ASN,0
GURU GIMANA WOI,1
Makin ngeselin ya .,1
Enakan bisa long weekend..🔥🔥👏👏,0
Long weekend stiap Minggu,2
"Libur panjang akhirnya malah jalan2 ,konsumsi BBM lebih banyakk...kocakkkk nyekik rakyatkya",1
Senin-kamis tambahiin tuh jam kerjanyaa🙏,2
"Kalo pake proporsi, dimana letak penghematannya, kalo masih ada sebagian yg wfo ya berarti AC, lift, lampu, dll tetap nyala. Wfh ya harus total.",2
"Kinerja Nol, Holiday Full",0
Enak iyaa libur 3 hari 😂😂,0
Edaaaaaan 😂😂😂😂,2
Stresssss,2
"Asiik jadi long weekend, knp ga di tengah tengah hari ajh ya🤣🤣🤣",1
"Gaji pada gede , tapi libur banyak banget hiiikkssss",0
"dikira semua ASN kerjaannya santai, ge jadi dokter di puskesmas rawat inap daerah terpencil, jangankan wfh, tidur aja susah, pulang kerja pun nasih balas konsulan sampe besok paginya lg🥴",0
terserah negara aja dah... ada negara gak ada negara sama aja rakyat ngurus dirinya sendiri..,0
"Moga berkah dah lu pda Asn ya gajihnya, ksian yg jdi rakyat",1
"Knp gk rebo aja , biar gk longweek end bgt 😂",0
"Kerja Senin sampe kamis,Jumat Sabtu Minggu gajian",2
Sengaja banget hahahaha mental pemalas dikasih ati,0
Udah kerja nya nyantai di warung kopi dan kantin di kasih libur lagi Jumat. Senin-Kamis absen pagi keluar sore pulang absen pulang. 😄😄🤭🤭,0
Kalo guru gimana? Libur juga muridnya apa gimana?,1
ga ngaruh.... kerja juga cuma ga jelas... abisin anggaran duit rakyat,0
"Wkwkwkwk wfh nya dirumah rumah warga dong biar sekalian buka layanan satu pintu, jadi lebih efisien untuk masyarakat ngurus2 izin",0
Anjay long weekend ga tuh😂,0
enaknyo makasi pemerintah ah makin cinta saya ❤️,1
Longgg weekend,2
Yakin bakal pada kerja drmh?,1
non ASN tuh malah ngabisin BBM banyak loh… apaka tidak ingin diberlakukan samaaaa 😢,0
besok bensin jd naik ga btw ? udh pd panic buying aja nih ngantri dimana mana 😢,1
"Mau liburan jg mikir2,, gaji untg2 sampe buat sebulan😂.. ASN jelata mah bnyk, ga semua ASN mevvah di mata netizen",0
bikin kebijakan aja mesti diajarin netizen dulu.. astagfirullah 😂,0
lah longweekend. bisa pulkam dah wkwkwkkw,0
"Okee jumat wfh, tp minggunya wfo heheu",1
Asn lagi asn lagi,0
Pak saya ga ASN TP WFH setiap Jumat ✌🏻🤪,1
hdehhhhhh swasta jg dong,2
Tau tau di bali 😂,0
Atur aja sebrengsek mungkin 🤝,0
Bentuk playanan ke masyarakat gimana kalo wfh?,1
Emg bisa kerjaan ASN dibawa kerumah ? bukannya banyak yg gabisa hybrid ? Secara sistem ASN dimari kebanyakan jadul,0
Makin susah pelayanan publik 😢,0
Enak bener kerja leye2 gaji gak di potong pajak..💩💩,0
Kalo SDM nya punya etika dan atitude gk kuatir siy tapiiiiii...... (isi sendiri) 🤔🤔🤔,0
Selamat long weekend👏🔥😂,1
Netijennn... Silahkan hujat ASN netijennn...,0
Tidak berlaku Swasta bro🤟🏻,2
"Long weekend ini. Udh g ada kerjanya,",1
Bahasa kasar nya: diLiburkan setiap Jumat Sabtu dan Minggu …,1
"Tambah ladas mereka liburan, bukan hrmat BBM tp malahan tambah banyak pemakaian BBM nyo, yg ASN palrmbang biso liburan ke Lampung, pagaralam, dsb trs tiap minggu😂😂😂😂",1
"Udah ini mah, bukannya efisiensi malah longweekend liburan tuh semuaaa🤣",2
Swasta si paling kerja,1
Yang ada malah boros bbm krn pada kluar kota 😂 kocak,0
"Jam kerja ajaa masi keluyuran, eh jumat liburrr asik bgt yaa😆😆",1
Bisa2 Work From Puncak,0
yah kajiannya mendukung long weekend malahan 😂,1
Yah makin byk lg dong yg korupsi klo begini,0
"kalau niatnya efisiensi itu pilih hari yg netral, misalnya selasa atau rabu. Kalau jumat malah jd kesempatan buat long weekend dgn liburan ke luar kota dll, yg ada penggunaan bbm makin ga terkontrol",1
"Sementara guru di daerah tetap masuk sampai hari sabtu, belum lagi yang dapat sekolahnya puluhan kilo, harus menempuh waktu 1-2 jam dan bensin yang tidak sedikit.",0
"Semangat yahh ASN Guru, Puskesmas dan Rumah Sakit ….. Yang kadang kakendernya hitam semua. Cemungutttttt",0
Anjirrr ga wfh aja kerja cuma sampe jam 1 siang. Gimana wfh,0
"Memangnya, berapa banyak sih jumlah mereka di jalan raya dibandingkan pegawai swasta kalau konteksnya irit konsumsi energi?",0
"Salah besar ini, salah.... Harusnya WFH itu di tengah weekday, hari Rabu lah biar gak ada yg ngacir liburan atau pulkam atau apalah.... Gak long weekend aja pada ngumpul di warkop nyambi jadi makelar 🤣🤣🤣",0
